<?xml version="1.0" encoding="UTF-8"?>
<config xmlns="http://www.knime.org/2008/09/XMLConfig" xmlns:xsi="http://www.w3.org/2001/XMLSchema-instance" xsi:schemaLocation="http://www.knime.org/2008/09/XMLConfig http://www.knime.org/XMLConfig_2008_09.xsd" key="preprocessing">
<config key="preprocColumns">
<entry key="array-size" type="xint" value="9"/>
<entry key="0" type="xstring" value="job (to number)"/>
<entry key="1" type="xstring" value="marital (to number)"/>
<entry key="2" type="xstring" value="education (to number)"/>
<entry key="3" type="xstring" value="default (to number)"/>
<entry key="4" type="xstring" value="housing (to number)"/>
<entry key="5" type="xstring" value="loan (to number)"/>
<entry key="6" type="xstring" value="month (to number)"/>
<entry key="7" type="xstring" value="day_of_week (to number)"/>
<entry key="8" type="xstring" value="y (to number)"/>
</config>
</config>
